name,category,total_views,total_orders,conversion_rate
Cross-group asynchronous core,Electronics,15,3,20.0
Exclusive leadingedge success,Clothing,20,4,20.0
Proactive human-resource function,Electronics,30,6,20.0
Organized bifurcated support,Home,25,5,20.0
Vision-oriented systematic pricing structure,Clothing,30,5,16.67
Configurable clear-thinking neural-net,Clothing,18,3,16.67
Grass-roots interactive standardization,Clothing,18,3,16.67
Object-based static benchmark,Sports,24,4,16.67
Ergonomic 4thgeneration benchmark,Home,12,2,16.67
Adaptive grid-enabled emulation,Sports,21,3,14.29
